model,accuracy,f1,roc_auc
logistic_regression,0.7546979865771812,0.7378988884904983,0.8426366579245601
random_forest,0.7439597315436242,0.7224445252819207,0.8302415134990538
