model,accuracy,f1,roc_auc
mlp_classifier,0.751006711409396,0.7255917159763313,0.8388572482065426
