{
  "model": "mlp_classifier",
  "accuracy": 0.751006711409396,
  "f1": 0.7255917159763313,
  "roc_auc": 0.8388572482065426,
  "confusion_matrix": [
    [
      1257,
      317
    ],
    [
      425,
      981
    ]
  ],
  "classification_report": {
    "0": {
      "precision": 0.7473246135552913,
      "recall": 0.7986022871664549,
      "f1-score": 0.7721130221130221,
      "support": 1574.0
    },
    "1": {
      "precision": 0.7557781201848999,
      "recall": 0.697724039829303,
      "f1-score": 0.7255917159763313,
      "support": 1406.0
    },
    "accuracy": 0.751006711409396,
    "macro avg": {
      "precision": 0.7515513668700956,
      "recall": 0.7481631634978789,
      "f1-score": 0.7488523690446767,
      "support": 2980.0
    },
    "weighted avg": {
      "precision": 0.7513130801060395,
      "recall": 0.751006711409396,
      "f1-score": 0.7501637078753753,
      "support": 2980.0
    }
  }
}